user;message;in_msg_id
319380693;;585
319380693;–î–∞–≤–∞–π—Ç–µ –ª—É—á—à–µ –º–æ—é –∫–æ—Ä–æ–Ω–Ω—É—é;584
255425921;–≤—ã –ø–æ–¥–≥–æ—Ç–æ–≤–∏–ª–∏ –ø–æ–ª–∫–æ–≤–Ω–∏–∫–∞?;583
255425921;—Ç–∞–∫ —á—ë —Ç–∞–º;582
255425921;–ì–æ–ª—É–±–∏–Ω–æ–π;581
255425921;–ü–æ –ø–æ—á—Ç–µ –æ–±—ä—è—Å–Ω–∏;580
319380693;–ü–æ –≤–∫;579
319380693;–Ø –∑–∞–µ–±—É—Å—Ç —â–∞—Å –æ–±—ä—è—Å–Ω—è—Ç—å;578
319380693;–î–∞–≤–∞–π—Ç–µ –ø—Ä–∏ –≤—Å—Ç—Ä–µ—á–µ –ª—É—á—à–µ;577
255425921;?;576
255425921;–∞ –∫–∞–∫–∏–µ —Ç–∞–º –∏–¥—É—Ç;575
319380693;–¢–∞–∫ —á—Ç–æ –º–æ–∂–Ω–æ;574
319380693;–ò –µ—Å–ª–∏ –Ω–∞ —á–µ—Ç–≤–µ—Ä—ã—Ö —Ç–æ —ç—Ç–æ 15;573
319380693;60 —Ä—É–±–ª–µ–π –≤—Å–µ–≥–æ –ª–∏—à—å;572
319380693;–•–æ—Ç—è —ç;571
319380693;–ù–∞—Ö—É–π –∏–¥—É—Ç;570
319380693;–¢–∞–º —Ç–∏–ø —á—Ç–æ–±—ã –∏–∑–º–µ–Ω–∏—Ç—å —Å–æ—Å—Ç–∞–≤ –ø–∏—Ü—Ü—ã –Ω–∞–¥–æ –∑–∞–ø–ª–∞—Ç–∏—Ç—å;569
319380693;–î–æ–¥–æ –ø–∏–¥–æ—Ä—ã;568
319380693;–ê –±–ª—è—Ç—å;567
319380693;–ù—É–∂–Ω–æ 3 —à—Ç—É–∫–∏ –≤—ã–±—Ä–∞—Ç—å;566
319380693;–ö–∞–∫–∏–µ –ø–∏—Ü—Ü—ã —Ö–æ—Ç–∏—Ç–µ?;565
473379248;–æ–∫;564
319380693;275 —Ä—É–±–ª–µ–π –∏ 6 –∫—É—Å–æ—á–∫–æ–≤ –∫–∞–∂–¥–æ–º—É;563
319380693;–ß—Ç–æ –≤—ã–≥–æ–¥–Ω–µ–µ –≤—Å–µ–≥–æ —ç—Ç–æ –ø–æ—Å–ª–µ–¥–Ω–∏–π –≤–∞—Ä–∏–∞–Ω—Ç;562
319380693;–í–æ–æ–±—â–µ —è –¥—É–º–∞—é;561
319380693;–ù—É —Ç–∏–ø;560
319380693;–í —Å—Ä–µ–¥–Ω–µ–π 8;559
319380693;–í –º–∞–ª–µ–Ω—å–∫–æ–π –ø–∏—Ü—Ü–µ 6 –∫—É—Å–∫–æ–≤;558
319380693;4,5 –∫—É—Å–æ—á–∫–∞ –∫–∞–∂–¥–æ–º—É;557
319380693;–ï—Å–ª–∏ —á–µ—Ç–≤–µ—Ä—ã–º –∂—Ä–∞—Ç—å —Ç–æ –ø–æ 200 —Ä—É–±–ª–µ–π;556
319380693;–ú–æ–∂–Ω–æ –ø–µ—Ä–≤–æ–µ;555
319380693;–ò–∑ —ç—Ç–∏—Ö —Ç—Ä√´—Ö;554
319380693;;553
319380693;–ê –∫–∞–∫–æ–µ –∫–æ–º–±–æ –∑–∞–∫–∞–∑—ã–≤–∞–µ–º?;552
319380693;–¢–∞–∫ –º—É–∂–∏–∫–∏;551
255425921;—É—Ä–∞;550
255425921;–¥–∞;549
255425921;–≤—Å—Å—ë;548
255425921;–∞;547
473379248;–ß—Ç–æ –Ω–µ –∏–≥—Ä–µ–º;546
255425921;—á—ë;545
473379248;–ù–∞–ø–∏—Å–∞–ª–∏;544
473379248;–í –±–µ—Å–µ–¥–µ –¥–∞–∂–µ;543
473379248;–ù–µ—Ç;542
473379248;;541
255425921;–∏–≥—Ä–∞–µ–º –∂–µ;540
255425921;7-8;539
255425921;22;538
473379248;–ù–∏—á–µ –Ω–µ –∏–≥—Ä–∞–µ–º;537
473379248;–ß–µ;536
255425921;—ç—Ç–æ –∏–≥—Ä–∞–µ–º);535
255425921;;534
319380693;üò≥;533
319380693;üòä;532
255425921;;531
319380693;));530
255425921;—Ö–∞–π–ø;529
255425921;—Ö—Ö–∞–ø—Ö–ø–∞;528
473379248;–° –∞—Ä–º–∏–µ–π;527
473379248;–ü–µ–ª;526
473379248;–ü–µ—Ä–µ–¥ –ö—Ä–µ–º–ª—ë–º;525
473379248;–ù–∞ –ö—Ä–∞—Å–Ω–æ–π –ø–ª–æ—â–∞–¥–∏;524
473379248;–¢–∞–∫ –æ–Ω –±–ª—è—Ç—Ç;523
255425921;—Å–ø—Ä–∞–≤–æ—á–Ω–∏–∫ –Ω–µ –Ω–∞–¥–æ –ø–∏—Å–∞—Ç—å;522
255425921;—Ä–∞–∑–±–æ–º–±—è—Ç;521
255425921;–≤—Å—ë;520
255425921;–∞—Ö—É–µ–Ω–Ω–æ –∂–µ;519
255425921;–±–ª—è;518
319380693;–±–∞–∑–∏—Ä–æ–≤–∞–Ω–Ω—ã–π —Å—Å–∞–º—ã–π;517
255425921;–±–∞–∑–∏—Ä–æ–≤–∞–Ω–Ω–∞—è –≤–æ–π–Ω–∞;516
319380693;—Ç–∏–ª—å –ª–∏–Ω–¥–µ—Ä–º–∞–Ω –≤–æ–æ–±—â–µ –Ω–∞ —Ä—É—Å—Å–∫–æ–º –ø–µ–ª;515
255425921;–¥–∞;514
319380693;–Ω—É –±–∞–∑–∞ –≤ —Å–º—ã—Å–ª–µ –±–∞–∑–∏—Ä–æ–≤–∞–Ω–Ω–∞—è –≥—Ä—É–ø–ø–∞;513
255425921;–±–∞–∑–∞;512
473379248;–î–∞;511
319380693;—ç—Ç–æ –Ω–µ–º–µ—Ü–∫–∞—è –±–∞–∑–∞;510
473379248;–î—É—Ö–∞—Å—Ç;509
473379248;–ë–ª—è—Ç—å;508
473379248;–†–∞–º—à—Ç–∞–π–Ω;507
473379248;–ö–∞–∫–æ–π –Ω–∞—Ö—É–π;506
473379248;–ß–µ –±–ª—è—Ç—å;505
473379248;–ê—Ö–∞—Ö—Ö–∞—Ö–∞—Ö–∞—Ö–∞—Ö–∞;504
255425921;–ï–ì–≠ –Ω–µ —Å–¥–∞√´–º;503
255425921;–í—Å√´;502
255425921;;501
255425921;–ö–∞–∫ –≤ –æ—Ä–∏–≥–∏–Ω–∞–ª–µ;500
255425921;–í–æ—Ç –ø—Ä—è–º –∫–ª–∞—Å—Å–Ω–æ –∏–≥—Ä–∞–µ–º;499
255425921;–ë–µ—Å–ø–æ–Ω—Ç–æ–≤–æ–≥–æ;498
255425921;–ù—É –∫—Å—Ç–∞—Ç–∏ –Ω–∞ —Å—á–µ—Ç –ø–∏—Ä–æ–∂–∫–∞;497
255425921;–ù–æ –¥–æ–∏–≥—Ä–∞–ª;496
255425921;–û–±–æ—Å—Ä–∞–ª—Å—è;495
255425921;–í—ã—à–µ–ª;494
255425921;–ö–∞–∫ –º—É–∂–∏–∫;493
255425921;–ù—É –ª–∞–¥–Ω–æ;492
255425921;–°–ø—Ä–æ—à—É;491
255425921;–ù–∞–≤–µ—Ä–Ω–æ–µ;490
319380693;—è –ø–æ—Å–ª—É—à–∞—Ç—å —Ö–æ—á—É;489
319380693;–∞ —Ç–µ–±—è –∑–∞–ø–∏—Å–∞–ª–∏?;488
255425921;–ê –º–Ω–µ –≤–æ–æ–±—â–µ –±–ª—è—Ç—å –Ω–µ –Ω—Ä–∞–≤–∏—Ç—Å—è;487
255425921;–ù—É –∫—Ç–æ-—Ç–æ –Ω–æ—Ä–º –≥–æ–≤–æ—Ä–∏—Ç;486
319380693;—Ö—É—ë–≤–æ!;485
319380693;–±–ª—è—è;484
255425921;–ù–æ —Å—ã–≥—Ä–∞–ª;483
255425921;–ù–∞–ª–∞–∂–∞–ª;482
255425921;–ù–∞–ª–∞–¥–∞–ª;481
255425921;–ù–µ –º–æ–≥ —Å–ø—Ä–∞–≤–∏—Ç—å—Å—è;480
255425921;–î—Ä–æ–∂–∞–ª –ø–∏–∑–¥–µ—Ü;479
255425921;–Ø —á–∏—Å—Ç–æ –µ–ª–µ —Å—Ç–æ—è–ª —Ç–∞–º;478
255425921;–ù—É –∏ —Ö—É–π–Ω—è;477
255425921;–ë–ª—è;476
255425921;–ó–∞—Ö–ª–æ–ø–∞–ª–∏ –∫—Ä—É—Ç–æ –≤—Å–µ;475
255425921;–û—Ç—ã–≥—Ä–∞–ª–∞;474
255425921;–ù–æ —Ç–∞–∫ –Ω–æ—Ä–º –≤—Å–µ;473
255425921;–î–∞;472
319380693;–±–ª—è –∂–∞–ª–∫–æ —á–µ–ª–∏—Ö—É;471
255425921;;470
255425921;–ò –≤—Å–µ –∑–∞—Ö–ª–æ–ø–∞–ª–∏;469
255425921;–°–∫–∞–∑–∞–ª–∞ –∏–∑–≤–∏–Ω–∏—Ç–µ;468
255425921;–ù–∞–ª–∞–∂–∞–ª–∞;467
255425921;–ü—è—Ç—å —Å–µ–∫—É–Ω–¥ –ø–æ–∏–≥—Ä–∞–ª–∞;466
255425921;–ñ–µ–Ω—â–∏–Ω–∞ –≤—ã—à–ª–∞;465
255425921;–¢—É—Ç —Ä–∂–∞–∫–∞;464
255425921;;463
319380693;–ü—Ä–æ—Å—Ç–æ –≤–∑–æ—Ä–≤–∞–ª–∏ –∑–∞–ª;462
319380693;–°–Æ–î–ê–ê–ê–ê–ê;461
255425921;–∞–∞–∞–∞–∞–∞–∞–∞–∞–∞–∞–∞–∞–∞–∞–∞–∞–∞–∞–∞–∞–∞–∞–∞–∞–∞;460
255425921;–¥–∞ —á—ë —Ç–∞–∫ —Ö–µ—Ä–æ–≤–∞;459
255425921;–∞–∞–∞–∞–∞–∞–∞–∞–∞–∞–∞–∞;458
319380693;–∏ –ø–æ–π–¥—É —Å—Ä–∞—Ç—å;457
319380693;–µ–±–∞–Ω—É;456
255425921;–∏–º—å–∞;455
319380693;–ø–∞—Ä—É –ø—Ä–∏–º–µ—Ä–æ–≤;454
319380693;–∏ –ø–æ—Ö—É–π;453
319380693;—è —á–∏—Å—Ç–æ –¥–ª—è —Å–µ–±—è –ø–∞—Ä—É –Ω–æ–º–µ—Ä–æ–≤ —Å–¥–µ–ª–∞—é;452
319380693;—É –Ω–∞—Å –¥–∞–∂–µ –¥–æ–º–∞—à–∫—É –Ω–µ –ø—Ä–æ–≤–µ—Ä—è—é—Ç –Ω–∞ –º–∞—Ç–µ–º–∞—Ç–∏–∫–µ;451
255425921;–∏–≥–µ –µ–±–∞–Ω–æ–µ –∑–∞–¥–∞–ª–∞ –Ω–∞ –∑–∞–≤—Ç—Ä–∞ –≤—Ä–æ–¥–µ;450
255425921;–º—Ä–∞–∑—å;449
255425921;–º–∞—Ä–∏–Ω–∫–∞;448
319380693;–π–æ–æ–æ—É;447
319380693;—è –Ω–∏—Ö—É—è –Ω–µ –¥–µ–ª–∞—é;446
255425921;–∞ –µ—â—ë –¥–æ–º–∞—à–µ–∫ –∫—É—á–∞;445
255425921;–ø—Ä—è–º –≤—ã—Ä—É–±–∞–µ—Ç;444
255425921;–∂–µ—Å—Ç—å —Å–ø–∞—Ç—å —Ö–æ—á–µ—Ç—Å—è;443
255425921;–¥–∞ —á—Ç–æ —ç—Ç–æ —Ç–∞–∫–æ–µ;442
255425921;–±–ª–µ–Ω;441
255425921;—á–∏—Å—Ç–æ –Ω–∞ —á–∏–ª–ª–µ —Å–∏–¥–∏—à—å –≤ –∑–∞–∫—É–ª–∏—Å—å–µ;440
255425921;–≤ —à–∫–æ–ª–µ –∏–≥—Ä–∞—Ç—å;439
255425921;–∫–∞–π—Ñ;438
255425921;–±–ª–∏–Ω;437
319380693;–º–æ–∂–Ω–æ –ø–æ–ø—Ä–æ—Å–∏—Ç—å —Å —É—Ä–æ–∫–∞ —Å–Ω—è—Ç—å;436
255425921;–¥–∞;435
319380693;–Ω–∞ –æ–∫–Ω–∞—Ö –∑–∞–µ–±–∞—à–∏–º;434
319380693;—Ç–∞–∫ —á—Ç–æ —Å—É–∫–∞ –Ω–µ–ª—å–∑—è –æ–±–æ—Å—Ä–∞—Ç—å—Å—è;433
255425921;—Ö–∞–π–ø;432
319380693;–ø–æ –∏–¥–µ–µ;431
319380693;—Ç–µ–ø–µ—Ä—å;430
319380693;–º—ã —Ç–∞–º –ø–æ—á—Ç–∏ –ø–µ—Ä–≤—ã–µ;429
319380693;—É–∂–µ;428
255425921;–Ω–∞–¥–æ –ø–æ–ø—Ä–æ—Å–∏—Ç—å, —á—Ç–æ–± –Ω–∞—Å –≤—Ç—Ä–æ—ë–º –ø–æ—Å—Ç–∞–≤–∏–ª–∏ –ø–æ—Ä–∞–Ω—å—à–µ;427
319380693;—Å—É–∫–∞ –≤—ã —Ç–æ–ª—å–∫–æ –æ—Ç—Ä–µ–ø–µ—Ç–∏—Ä—É–π—Ç–µ –¥–æ–º–∞;426
319380693;–∏ –Ω–∞ –º–∞–∫—Å–∏–º–∞–ª—ã—á–∞—Ö –¥–æ–º–æ–π;425
319380693;—á–∏—Å—Ç–æ —Å—ã–≥—Ä–∞—é —Å –≤–∞–º–∏;424
319380693;–∏ —Ç–∞–∫ –Ω–∞ –∫—É—Ä—Å—ã –æ–ø–æ–∑–¥–∞—é;423
319380693;—É –º–µ–Ω—è –≤—Ä–µ–º–µ–Ω–∏ –Ω–µ—Ç;422
319380693;–ª–∞–Ω —à—É—á—É;421
319380693;ü§™;420
319380693;–µ–±–∞–Ω—ë–º;419
319380693;–º—ã —Å –Ω–∏–º –≤–¥–≤–æ—ë–º –æ–ø—è—Ç—å –Ω–∏—Ä–≤–∞–Ω—É;418
319380693;–∞—Ö–∞—Ö–∞;417
255425921;!;416
255425921;—É—Ä–∞;415
255425921;—Ö–ø–∞—Ö–ø–∞—Ö–ø–∞—Ö;414
319380693;–ê–•–•–ê–•–ê;413
319380693;–Ø –ï–ì–û –£–ì–û–í–û–†–ò–õ;412
319380693;–¢–û–ñ–ï –ü–ï–¢–¨ –ë–£–î–ï–¢;411
319380693;–†–ê–•–ê–¢ –ü–†–ò–î–Å–¢;410
319380693;–ê;409
319380693;–ò–ú–ë;408
319380693;–∫–∞–π—Ñ –µ—ë –ø–µ—Ç—å;407
319380693;–≤–æ—Ç —Ä–µ–∞–ª—å–Ω–æ;406
319380693;–±–ª—è –Ω—É –ø–µ—Å–Ω—è –∏–º–±–∞;405
255425921;;404
319380693;–≤—ã –Ω–µ –∑–∞–ø—É—Ç–∞–π—Ç–µ—Å—å –≤ –ø—Ä–æ–∏–≥—Ä—ã—à–µ –ø–æ—Å–ª–µ –ø—Ä–∏–ø–µ–≤–∞ —Ç–æ–ª—å–∫–æ;403
319380693;—è –≤—ã—É—á–∏–ª –ø–∏—Ä–æ–∂–æ–∫;402
319380693;–≤—Å—ë –±–ª—è;401
473379248;–û–∫;400
319380693;–≥–ª–∞–≤–Ω–æ–µ —á—Ç–æ –Ω–µ —Ö—É–π;399
319380693;–¥–∞ –ø–æ—Ñ–∏–≥;398
473379248;);397
473379248;–ù–∏—á–µ  —á—Ç–æ —Ç–∞–º –≥–æ–≤–Ω–æ –∂–æ–ø–∞ –≤ —Ç–µ–∫—Å—Ç–µ?;396
319380693;–≥–¥–µ –µ—â—ë –Ω–∞–π—Ç–∏;395
319380693;—Ö–∑;394
319380693;–Ω–∞–≤–µ—Ä–Ω–æ–µ –æ—Ç—Å—é–¥–∞;393
319380693;https://www.songsterr.com/a/wsa/tab-s454800t2;392
473379248;–£—á–∏—Ç—å –±—É–¥–µ—Ç–µ;391
473379248;–°–∫–∏–Ω—å—Ç–µ –≥–¥–µ;390
473379248;–ö–∞–∫–æ–π —Ç–∞–º —Ä–∏—Ñ—Ñ;389
319380693;–∑–∞–≤—Ç—Ä–∞ –Ω–∞ –æ–∫–Ω–∞—Ö –Ω–∞–µ–±–∞—à–∏–º;388
319380693;–°–£–ö–ê –£–ß–ò–ú;387
319380693;–≤—Å—ë;386
319380693;–∫–∞—Ä–∏–º —Ä–∏—Ñ—Ñ;385
319380693;–æ–∫;384
255425921;–Ø —Ç–æ–≥–¥–∞ —Å–æ–ª–æ –º–æ–∂—Ç?;383
319380693;—è –ø–æ—é –∏ –Ω–∞ –∞–∫—É—Å—Ç–∏–∫–µ —Ä–∏—Ç–º;382
255425921;–í—Å–µ –¥–µ–ª–∞;381
255425921;–°–æ–ª–æ —Ä–∏—Ñ—á–∏–∫;380
255425921;–ö—Ç–æ —á–µ;379
255425921;–ö–∞–∫ —Ç–∞–º;378
255425921;–ß–µ —Ç–≤–º;377
255425921;–ù—É –≤—Å–µ;376
473379248;–ö–∞–∫ —É–≥–æ–¥–Ω–æ;375
473379248;–î–∞;374
255425921;?;373
255425921;[id473379248|@krmbttl],;372
319380693;–∑–Ω–∞—á–∏—Ç –ø–∏—Ä–æ–∂–æ–∫?;371
319380693;—Ç–∞–∫;370
319380693;–∏ –ø–µ—Ç—å;369
319380693;—è –Ω–∞ –∞–∫—É—Å—Ç–∏–∫–µ —Ä–æ—Ñ–ª–∏—Ç—å –±—É–¥—É;368
255425921;–•–æ—Ç—å —á–µ –Ω–∏–±—É–¥—å;367
255425921;–ü–æ—Ñ–µ–∫;366
255425921;–†–∏—Ñ—Ñ—á–∏–∫ —Ç–∞–º;365
319380693;https://www.songsterr.com/a/wsa/tab-s454800;364
255425921;–ù—É –∏–ª–∏  —Ö–∑;363
255425921;–ö–∞—Ä–∏–º –≤–æ—Ç —Å–æ–ª–æ —É—á–∏);362
473379248;–ê–º–Ω–µ —á–µ;361
255425921;–î–∞ —á–µ —Ç–∞–º —Ç—Ä–∏ –Ω–æ—Ç–∫–∏;360
319380693;–Ω—É –∫–æ–≥–¥–∞ —Ç—É—Ç—É—Ç—É—Ç—É –ø–æ—ë—Ç—Å—è;359
255425921;);358
255425921;?;357
255425921;–¢–∞–º —Å–æ–ª–æ –µ—Å—Ç—å;356
255425921;–ß–µ;355
319380693;–ª–µ–≤ —Ç—ã —Å–æ–ª–æ —É—á–∏–ª?;354
319380693;—è –æ–¥–æ–±—Ä—è—é;353
319380693;–¥–∞;352
255425921;–î–∞–∫ –∫–ª–∞—Å—Å–Ω–∞—è –∂–µ;351
255425921;;350
319380693;–ø–∏—à–∏—Ç–µ;349
319380693;–∫–∞–∫–∏–µ –≤—ã –ø–µ—Å–Ω–∏ —Ç–∞–º –∑–Ω–∞–µ—Ç–µ?;348
255425921;–¢–∞–º –≤—Å–µ —É–∂–µ –≤—ã—É—á–µ–Ω–æ;347
255425921;!;346
255425921;–ù—É –≥—Ä–∞–∂–¥–∞–Ω—Å–∫–∞—è –æ–±–æ—Ä–æ–Ω–∞ –∂–µ –µ—Å—Ç—å;345
319380693;–º–Ω–µ –±–ª—è—Ç—å –ª–µ–≥—á–µ 200 –¥–∞—Ç –∑–∞–ø–æ–º–Ω–∏—Ç—å –∫—Ç–æ –∫–æ–º—É —Ö—É–π –ø–µ—Ä–µ—Å–æ—Å–∞–ª;344
319380693;–Ω—É –≤–æ—Ç –≤–æ–æ–±—â–µ –Ω–µ —É—á–∏—Ç—Å—è;343
319380693;–Ω—É —è –Ω–µ –≤—ã—É—á—É —Ç–µ–∫—Å—Ç;342
255425921;–î–∞ –∫—Å—Ç–∞—Ç–∏;341
473379248;–¢–∞–∫ —Ç–æ —É –Ω–∞—Å –∑–∞–≤—Ç—Ä–∞ –æ–∫–Ω–æ;340
319380693;–æ–Ω–∏ –¥—É—Ä–∞—á–∫–∏;339
319380693;–Ω—É –ª—é–¥–∏ –Ω–µ –ø–æ–π–º—É—Ç;338
255425921;–•–ø—Ö–∞—Ö–ø—Ö;337
473379248;–ò –∫—Ç–æ —Ç–æ –µ–±–Ω—É–ª—Å—è;336
473379248;–ò –≥–∏—Ç–∞—Ä—ã —Ä–∞—Å—Å—Ç—Ä–æ–µ–Ω—ã;335
473379248;–¢–∞–∫ –≤ –æ—Ä–∏–≥–∏–Ω–∞–ª–µ —Ç–µ–º–ø —Å–±–∏—Ç;334
319380693;–Ω—É–∂–Ω–æ –±—ã–ª–æ —Ä–∞–∑–∞ 3 —Å–æ–±—Ä–∞—Ç—å—Å—è;333
319380693;–¥—Ä—É–≥–æ–π –µ–±–∞–Ω—ë—Ç—Å—è –≤–æ–æ–±—â–µ;332
319380693;–∫—Ç–æ-—Ç–æ —Ç–µ–º–ø —Å–æ–±—å—ë—Ç;331
319380693;–∞ –≤–º–µ—Å—Ç–µ –Ω–∞—á–Ω—ë–º –±—É–¥–µ—Ç –ø–∏–∑–¥–µ—Ü;330
319380693;–≤–æ—Ç –ø–æ –æ—Ç–¥–µ–ª—å–Ω–æ—Å—Ç–∏ —Å—ã–≥—Ä–∞—Ç—å - —Ç–æ —Å—ã–≥—Ä–∞–ª–∏;329
319380693;–∞ —Ç–æ –º—ã –±–ª—è—Ç—å –¥–∞–∂–µ –≤–º–µ—Å—Ç–µ —Å—É–∫–∞ –Ω–µ —Ä–µ–ø–µ—Ç–∏—Ä–æ–≤–∞–ª–∏;328
473379248;);327
319380693;—Å—ã–≥—Ä–∞–µ–º –Ω–æ—Ä–º–∞–ª—å–Ω—É—é –ø–µ—Å–Ω—é;326
319380693;–µ—â—ë –∫—É—á–∞ —ç—Ç–∏—Ö –∫–æ–Ω—Ü–µ—Ä—Ç–æ–≤ –±—É–¥–µ—Ç;325
319380693;–∞ —Ç–æ –Ω—É —ç—Ç–æ –Ω–µ –¥–µ–ª–æ;324
319380693;–ª–∞–Ω, –¥–∞–≤–∞–π—Ç–µ –≤ —Å–ª–µ–¥—É—é—â–∏–π —Ä–∞–∑ —É–∂–µ –≥–æ—Ç–æ–≤—ã–∏;323
319380693;–Ω—É —è —Ö–∑;322
473379248;);321
319380693;–∞ –ª–µ–≤?;320
319380693;–±–ª—è—Ç—å;319
473379248;–Ø –Ω–µ —É—á–∏–ª —Ç–µ–∫—Å—Ç;318
473379248;–ß–µ;317
319380693;—Ç–∞–º —è —É–∂–µ —Ä–∏—Ñ—Ñ –≤—ã—É—á–∏–ª –Ω–∞ –∞–∫—É—Å—Ç–∏–∫–µ;316
319380693;–Ω–æ–º–µ—Ä;315
319380693;—Å–ø—Ä–∞—à–∏–≤–∞–µ—Ç —Å—Ç–∞–≤–∏—Ç—å –∏–ª–∏ –Ω–µ—Ç;314
319380693;–º–Ω–µ –º–∞—Ä–≥–∞—Ä–∏—Ç–∞ –≤–ª–∞–¥–∏–º–∏—Ä–æ–≤–Ω–∞ –ø–∏—à–µ—Ç;313
319380693;–¥–∞–≤–≤–∞–π—Ç–µ —à—É—Å—Ç—Ä–µ–µ;312
319380693;@all;311
319380693;@all;310
319380693;—è —á–∏—Å—Ç–æ —Å –∞–∫—É—Å—Ç–∏–∫–æ–π –Ω–∞–µ–±–∞—à—É –∏–ª–∏ —ç–ª–µ–∫—Ç—Ä—É—Ö–∏;309
319380693;—Ç–æ –¥–∞–≤–∞–π—Ç–µ –Ω–∞ –≤–æ–∫–∞–ª;308
319380693;–∏–ª–∏ –µ—Å–ª–∏ —É –≤–∞—Å —É—Ç–æ-—Ç–æ –ø–µ—Å–Ω—é –∑–Ω–∞–µ—Ç;307
319380693;–º–æ–∂–µ—Ç —Ä–µ–∞–ª—å–Ω–æ –ª—É—á—à–µ –Ω–µ —Å—Ç–æ–∏—Ç?;306
319380693;—á–∏—Ç—Å–æ —Å –ª–∏—Å—Ç–æ—á–∫–æ–º –≤—ã—à–µ–ª;305
319380693;–¥–∞ —Ç–∞–∫ —Å—Ç—Ä–µ–º—ë–Ω–æ –±—É–¥–µ—Ç;304
473379248;–í–∑—è—Ç—å –º–æ–∂–Ω–æ;303
473379248;–¢–µ–∫—Å—Ç;302
319380693;–∏ –Ω–µ –∑–∞–ø–æ–º–∏–Ω–∞–µ—Ç—Å—è –≤–æ–æ–±—â–µ;301
319380693;—Ä–∏—Ñ–º–∞ –≥–æ–≤–Ω–æ;300
319380693;–≤—Å—ë —Ä–∞–≤–Ω–æ;299
319380693;—è –±–ª—è—Ç—å —Ö–∑ –∫–∞–∫ —É—á–∏—Ç—å;298
319380693;–ª–∞–¥—ã;297
473379248;–î–∞;296
319380693;–≤—ã –≤—ã—É—á–∏–ª–∏?;295
319380693;–±—É–¥–µ–º?;294
319380693;—Ç–∞–∫ —á—ë;293
473379248;–í—Å—ë –∑–≤—É—á–∏—Ç;292
473379248;–¢–∞–º –æ–¥–∏–Ω–∞–∫–æ–≥–æ;291
473379248;–£—á–∏—Ç—å;290
473379248;–í—ã–±–µ—Ä–∏ —á—Ç–æ –ª–µ–≥—á–µ;289
473379248;–ë—É–¥–µ—Ç;288
473379248;–ú–∞–∫—Å–∏–º—É–º 3 –º–∏–Ω—É—Ç—ã;287
319380693;–¥–æ –∫–∞–∫–æ–≥–æ –º–æ–º–µ–Ω—Ç–∞?;286
473379248;–í—Å—ë —Ä–∞–≤–Ω–æ;285
473379248;–ú—ã –µ—ë —Å–æ–∫—Ä–∞—Ç–∏–º;284
319380693;—Ç–æ –±–ª—è—Ç—å –∫–∞–∫ —ç—Ç–æ—Ç —Ç–µ–∫—Å—Ç —É—á–∏—Ç—å;283
319380693;–µ—Å–ª–∏ –∏–≥—Ä–∞–µ—Ç—Å—è –æ–Ω–∞ –ø—Ä–æ—Å—Ç–æ;282
319380693;–ø—Ä–æ—Å—Ç–æ –Ω—É —è –Ω–µ —Å–º–æ–≥—É –ø–µ—Å–Ω—é —ç—Ç—É –≤—ã—É—á–∏—Ç—å;281
319380693;—Ö–∑;280
319380693;—Ç–∞–∫-—Ç–æ —è –º–æ–≥—É –æ–ø–æ–∑–¥–∞—Ç—å;279
319380693;–±–ª—è;278
319380693;–Ω—É;277
319380693;–æ–∫–µ;276
473379248;–ó–∞–≤—Ç—Ä–∞;275
473379248;–ü—Ä–∏–Ω–µ—Å–∏;274
319380693;—É –º–µ–Ω—è;273
473379248;–ï—Å—Ç—å;272
473379248;–£ –∫–æ–≥–æ;271
473379248;–†–µ–º–µ–Ω—å;270
319380693;ü§†;269
319380693;—ç—Ç—É –±—É–¥–µ–º –≤ —Å–ª–µ–¥—É—é—â–∏–π —Ä–∞–∑ –∏–≥—Ä–∞—Ç—å;268
255425921;;267
255425921;);266
319380693;20 —Ä–∞–∑ –ø–µ—Å–Ω—é –ø–æ–º–µ–Ω—è–ª–∏;265
319380693;–∞ –Ω–µ –∫–∞–∫ —Å–µ–≥–æ–¥–Ω—è;264
319380693;—Ç–æ–ª—å–∫–æ –Ω–æ—Ä–º–∞–ª—å–Ω–æ —á—Ç–æ–±—ã;263
319380693;–≥–æ —Ç–æ–≥–¥–∞ —ë–ø—Ç–µ –≤ —Å–ª–µ–¥—É—é—â–∏–π —Ä–∞–∑;262
319380693;–∞–≥–∞;261
255425921;–ù—É –µ—Å–ª–∏ –Ω–µ –≤—ã–π–¥–µ—Ç, —Ç–æ –≥–µ–æ–≥—Ä–∞—Ñ–∏—è–∫–µ –Ω–∞–¥–æ—Ç–Ω–∞–ø–∏—Å–∞—Ç—å;260
473379248;–ë–∏–ª—è—è;259
319380693;–±–ª—è—è—è—è—è—è—Ç—å;258
255425921;–ë–∏–ª—è–∏—Ç—å;257
319380693;—É –º–µ–Ω—è –∫—É—Ä—Å—ã –ø–æ –∏—Å—Ç–æ—Ä–∏–∏;256
319380693;–ø–æ—Ö–æ–¥—É –Ω—É –Ω–µ –≤—ã–π–¥–µ—Ç;255
319380693;–±–ª—è—Ç—å –º—É–∂–∏–∫–∏;254
255425921;–¥–∞–ø;253
473379248;–ü–µ—Å–Ω–±;252
473379248;–ù–∞–¥–æ –ø—Ä–æ—Å—Ç–æ –≤ –¥–≤–∞ —Ä–∞–∑–∞ —É—Ä–µ–∑–∞—Ç—å;251
255425921;–∫—É–¥–∞-–Ω–∏–±—É–¥—å –∑–∞—Å—É–Ω—É—Ç—å –ª–∏—Å—Ç–æ—á–µ–∫ —ç—Ç–æ—Ç;250
473379248;–î–∞;249
255425921;–Ω—É –Ω–∞ –∫–æ–ª–µ–Ω–∫—É –ø–æ–ª–æ–∂–∏—Ç—å;248
473379248;–°–∏–¥—è –±—É–¥–µ–º;247
255425921;–º—ã —Ç–æ–∂–µ –Ω–∞–≤–µ—Ä–Ω–æ–µ –ø–æ–¥–ø–µ–≤–∞—Ç—å –±—É–¥–µ–º;246
319380693;—è —Å –∞–∫—É—Å—Ç–∏–∫–æ–π;245
255425921;–≤ —Ä—É–∫–µ –¥–µ—Ä–∂–∞—Ç—å;244
473379248;–î–∞;243
255425921;–º–∞–ª–µ–Ω—å–∫—É—é —à–ø–∞—Ä–≥–∞–ª–∫—É —Å–¥–µ–ª–∞–π;242
255425921;—Å –ª–∏—Å—Ç–æ—á–∫–æ–º –≤—ã–π–¥–∏;241
319380693;–∏ —Ç–∞–º –ø—Ä–∏–ø–µ–≤–∞ –Ω–µ—Ç;240
319380693;–ø–µ—Å–Ω—è –±–ª—Ç—è—å –±–æ–ª—å—à–∞—è;239
319380693;—è –±–ª—è—Ç—å –µ—â—ë —Ö–∑ –∫–∞–∫ —Ç–µ—Å–∫—Ç —É—á—á–∏—Ç—å;238
319380693;—Ö–∑;237
255425921;–ö–æ–Ω—Ñ–µ—Ä–µ–Ω—Ü–∏–∏;236
255425921;?;235
255425921;–ú–æ–∂–µ—Ç –∑–∞–ø–∏—Å—å –≤–µ–±—á–∏–∫–∞ –±—É–¥–µ—Ç;234
255425921;–ê —á–µ —Ç–∞–º;233
319380693;–∫–∞–∫–æ–≥–æ —Ö—É—è —Ç–∞–∫–æ–µ –≤—Ä–µ–º—è —Å—É–∫–∞;232
319380693;–Ω—É —á—ë –∑–∞ —Ö—É–π–Ω—è;231
319380693;–¥–∞ –±–ª—è—è—è—è—è;230
319380693;–ø–∏–∑–¥–µ—Ü;229
319380693;–±–ª—è;228
473379248;–ë–ª–∏–Ω;227
473379248;–ù—É —á–µ;226
319380693;—è —Ö–∑;225
319380693;–ª–∞–Ω –±–µ–∑ –º–µ–Ω—è —Ç–æ–≥–¥–∞;224
319380693;–ø–æ —Å—É—Ç–∏\;223
319380693;–∏–¥–µ–∞–ª—å–Ω–æ–µ;222
319380693;–¥–∞;221
473379248;–ê—Ö—É–µ–Ω–æ–µ –≤—Ä–µ–º—è –ø—Ä—è–º;220
319380693;–±–ª—è;219
473379248;–ê—á–µ –¥–µ–ª–∞—Ç—å;218
473379248;–ß–µ;217
473379248;–ê —Å—Ç–æ–ø;216
319380693;–±–ª—è;215
319380693;—É –º–µ–Ω—è –∑–∞–≤—Ç—Ä–∞ –∫–æ–Ω—Ñ–∞ –≤ 3;214
319380693;–±–ª—è –º—É–∂–∏–∫–∏—ç;213
255425921;;212
473379248;–¢–µ–∫—Å—Ç —É—á–∏ [id319380693|@xrayuber];211
473379248;–°–æ–ª–æ —è –∑–Ω–∞—é;210
473379248;–≠—Ç–æ;209
473379248;;208
319380693;;207
319380693;–∫–∞–π—Ñ—É—é;206
255425921;–£ —Ç–µ–±—è –∫–∞–∫?;205
255425921;–ß–∞–π –ø—å—é –≤–æ—Ç;204
255425921;–î–∞ –Ω–æ—Ä–º;203
319380693;—ë–ø—Ç–µ;202
319380693;–Ω—É –∫–∞–∫ –¥–µ–ª–∞?;201
319380693;–£–ß–ò–¢–ï –ë–õ–Ø–¢–¨ –ü–ï–°–ù–Æ!!!!;200
255425921;;199
473379248;;198
255425921;;197
473379248;;196
255425921;;195
255425921;ü¶î;194
255425921;üôÇüôÉüòáüòóüòö;193
473379248;üòÅ;192
319380693;–í–æ–æ–±—â–µ;191
255425921;üòä‚ò∫;190
319380693;–ö–∞–π—Ñ;189
319380693;–î–∞;188
473379248;–í–æ–π–Ω—ã —É—Å—Ç—Ä–∞–∏–≤–∞–µ—à—å;187
473379248;–ß–µ—Ç;186
473379248;–ò–≥—Ä–∞–µ—à—å;185
473379248;–¢–∞–º –º—É–∑—ã—á–∫–∞ —Ç–∞–∫–∞—è –¥–æ–±—Ä–∞—è;184
255425921;–¥–∞–∫ –∏–º–±–∞;183
473379248;;182
255425921;);181
255425921;–∞;180
319380693;;179
255425921;–∫–∞–∫–∞—è;178
473379248;–ê–≥–∞;177
319380693;–¢–æ–ª—å–∫–æ —É –º–µ–Ω—è –Ω–µ–º–Ω–æ–≥–æ –¥—Ä—É–≥–∞—è –ø—Ä–∏—á–∏–Ω–∞;176
319380693;–ü–æ–¥–¥–µ—Ä–∂–∏–≤–∞—é!;175
255425921;–∞ –¥–Ω—ë–º –æ–≤–æ—â;174
255425921;–Ω–∞—Å—Ç—Ä–æ–π —Ç–∞–∫–æ–π;173
255425921;–Ω–æ—á—å—é –≤–¥–æ—Ö–Ω–æ–≤–µ–Ω–∏–µ –ø—Ä–∏—Ö–æ–¥–∏—Ç;172
473379248;–ù–∞—Ö—É—è;171
255425921;—Å–∏–¥–µ—Ç—å —á–∞—Å–æ–≤ –¥–æ –¥–≤—É—Ö-—Ç—Ä—ë—Ö;170
255425921;–Ω–µ –≤—ã—Å–ø–∞—Ç—å—Å—è!;169
255425921;—É –º–µ–Ω—è –µ–±–µ–π—à–∞—è –∏–¥–µ—è;168
255425921;–±–∞—Ç–ø–ª–æ–≤;167
473379248;–Ø;166
255425921;–∫—Ç–æ —ç—Ç;165
319380693;–ò –ø–æ—à√´–ª –Ω–æ—Ä–º–∞–ª—å–Ω—ã–º–∏ –¥–µ–ª–∞–º–∏ –∑–∞–Ω–∏–º–∞—Ç—å—Å—è;164
319380693;–Ø —á√´—Ç–æ 10 –º–∏–Ω—É—Ç –≥–ª—è–Ω—É–ª;163
473379248;–≤—á–µ—Ä–∞;162
473379248;—Å–º–æ—Ç—Ä–µ–ª;161
473379248;–æ;160
473379248;—Ö–∞—Ö—Ö–∞—Ö–∞—Ö;159
255425921;—Ä–∞—Å–ø–µ—á–∞—Ç–∞—é;158
319380693;;157
473379248;—Ä–∞—Å—Å–∫–∞–∂–µ—à—å;156
255425921;—Ç—ã —á—ë;155
255425921;–±–∞—Ç–∞–ª–æ–≤ –∂–µ;154
473379248;—É—Ä–∞ –º–æ—é –ø—Ä–∞–≤–∏–ª—å–Ω–æ –Ω–∞–ø–∏—Å–∞–ª–∏;153
255425921;–∫–∞—Ä–∏–º –±–∞—Ç–ø–ª–æ–≤;152
255425921;—Å—ë–≤—á–∏–∫;151
473379248;–∞—Ö–∞—Ö–∞—Ö—Ö–∞—Ö–∞—Ö;150
319380693;üò°üò°;149
255425921;—Å–µ–≤–∞—Å—Ç—å—è–Ω–æ–≤;148
319380693;–¢–∞–∫–∏–µ –±–µ–∑–≥—Ä–∞–º–æ—Ç–Ω—ã–µ –ø–∏–¥–æ—Ä–∞—Å–≤;147
255425921;–≤–∞—Ö–≤—Ö—Ö–∞–≤–ø—Ö–∞—Ö–ø–∞—Ö–ø;146
255425921;—Ö–∞–ø—Ö–∞–ø—Ö–∞—Ö–ø—Ö–∞–ø—Ö–∞—Ö–∞–ø—Ö–∞–ø;145
319380693;–°—É–∫–∞ –∫–∞–∫ –æ–Ω–∏ –∑–∞–µ–±–∞–ª–∏;144
319380693;–ü–∏–¥–æ—Ä–∞—Å—ã –º–æ—é —Ñ–∞–º–∏–ª–∏—é –Ω–µ–ø—Ä–∞–≤–∏–ª—å–Ω–æ –Ω–∞–ø–∏—Å–∞–ª–∏;143
255425921;–≤—Å—é –ø–µ—Ä–≤—É—é —Å—Ç—Ä–æ–∫—É –∑–∞–Ω–∏–º–∞–µ–º;142
473379248;–¥–∞;141
255425921;–∞ –º—ã –ø—Ä–µ—Å—Ç–∏–∂–Ω—ã–µ —Ç–∞–∫–∏–µ;140
255425921;–º–Ω–æ–≥–æ–≤–∞—Ç–æ –∫—Å—Ç–∞—Ç–∏ —á–µ–ª–∏–∫–æ–≤ –≤—ã—Å—Ç—É–ø–∞–µ—Ç;139
473379248;—ç—Ö –±—ã–ª–æ –≤—Ä–µ–º—è;138
473379248;–¥–∞ –ø–æ–º–Ω—é;137
319380693;–ù—É —ç—Ç–æ –º—ã —Ç—É–ø–æ;136
319380693;https://youtu.be/gEMmyalzXVY;135
255425921;else;134
473379248;–¥–∞;133
473379248;lf;132
255425921;–¥–∞;131
255425921;–∞—Ö—Ö–ø—Ö;130
319380693;–í–∞–π –±–∏–ª—è—è—è;129
255425921;—Ö–∞–π–ø;128
473379248;;127
255425921;–≤–∞–µ–≤—Å–∫–∞—è —Ç–∞–º –∫–∞–∫–∞—è-—Ç–æ;126
255425921;–∫–∞–∫—É—é –ø–µ—Å–Ω—é –∏–≥—Ä–∞—Ç—å –±—É–¥–µ—à—å —Å–æ–ª—å–Ω–æ?;125
255425921;–∞ –∫–∞–∫—É—é –ø–µ—Å–Ω—é;124
473379248;–∫–∞–∫ –æ–±—ã—á–Ω–æ 1/3 –ø–µ—Å–Ω–∏ –≤—ã—É—á–∏ –æ—Å—Ç–∞–ª—å–Ω–æ–µ —É–¥–ª–µ–Ω—é –∏ –≥–∞–≤–Ω–æ–º –∑–∞–ø–æ–ª–Ω—é;123
255425921;–æ–Ω;122
473379248;—è;121
255425921;[id473379248|–∫–∞—Ä–∏–º–±—É–º—á–∏–∫];120
319380693;[id473379248|@krmbttl],;119
255425921;;118
255425921;—Å–æ–ª—å–Ω–æ;117
255425921;—á—ë –∏–≥—Ä–∞—Ç—å –±—É—à;116
255425921;[id473379248|@krmbttl];115
473379248;—É—Ä–∞;114
255425921;;113
473379248;–∞–∞–∞–∞–∞–∞–∞–∞–∞–∞–∞;112
473379248;–±–ª—è—Ç—å –≥–¥–µ –∫–∞—Ä—Ç–æ—á–∫–∞ –ø–æ –º–∞—Ç—à–µ–µ;111
255425921;—Ç—É–¥—É—Ç—É–¥–¥—Ç—É—Ç–¥—É—Ç–¥—Ç–¥;110
255425921;–≤–µ—Ä–µ –∏—Å –º–∞–π –º–∞–∞–∞–∞–∞–∞–π–Ω–¥;109
255425921;–∂–∏–¥–µ–Ω—å–∫–æ–≥–æ;108
255425921;–Ω–∞–ø—É—Å—Ç–∏–º –≤ —Ä–µ–π—Ç—É–∑—ãüòé;107
319380693;–ß–µ–º –∫—Ä—É—Ç–æ–≥–æ –ø–æ–ª–∫–æ–≤–Ω–∏–∫–∞ –Ω–æ –æ–ø–æ–¥–ª–∏–≤–∏—Ç—å—Å—è;106
319380693;–ü–æ—Ç–æ–º—É —á—Ç–æ –ª—É—á—à–µ —Å—ã–≥—Ä–∞—Ç—å –ø—Ä–æ—Å—Ç—É—é –ø–µ—Å–Ω—é –∏ –Ω–µ –æ–±–æ—Å—Ä–∞—Ç—å—Å—è;105
319380693;–ò–ª–∏ –°—Ç—Ä—ã–∫–∞–ª–æ;104
319380693;–ö–∏–Ω–æ;103
319380693;–¢–∏–ø–æ –≥—Ä–∞–∂–¥–∞–Ω—Å–∫–æ–π –æ–±–æ—Ä–æ–Ω—ã;102
319380693;–ï—Å–ª–∏ –ø–æ–Ω–∏–º–∞–µ—Ç–µ —á—Ç–æ –ø–æ–ª–∫–æ–≤–Ω–∏–∫–∞ –Ω–µ –æ—Ç—Ä–∞–±–æ—Ç–∞—Ç—å –∑–∞ –Ω–µ—Å–∫–æ–ª—å–∫–æ –¥–Ω–µ–π, —Ç–æ —Å—Ä–æ—á–Ω–æ –º–µ–Ω—è–π—Ç–µ –ø–µ—Å–Ω—é –Ω–∞ —Å–∞–º—É—é –ø—Ä–æ—Å—Ç—É—é;101
319380693;–°–æ –º–Ω–æ–π;100
319380693;–ü–æ–∏–≥—Ä–∞–µ–º;99
319380693;–ú–æ–∂–µ—Ç –∑–∞–≤—Ç—Ä–∞ –Ω–∞ –ø–µ—Ä–µ–º–µ–Ω–∞—Ö;98
319380693;–£–∂–µ —Å–æ –º–Ω–æ–π;97
319380693;–ê –≤ –ø—è—Ç–Ω–∏—Ü—É;96
319380693;–í—ã —Ç–æ–ª—å–∫–æ –æ—Ç—Ä–∞–±–æ—Ç–∞–π—Ç–µ –Ω–æ—Ä–º–∞–ª—å–Ω–æ;95
255425921;–æ–∫;94
319380693;–ü–æ—Å–ª–µ —É—Ä–æ–∫–æ–≤;93
319380693;–í –∞–∫—Ç–æ–≤–æ–º –∑–∞–ª–µ;92
319380693;–ó–∞–≤—Ç—Ä–∞ –º–æ–∂–Ω–æ –±—É–¥–µ—Ç –æ—Ç—Ä–µ–ø–µ—Ç–∏—Ä–æ–≤–∞—Ç—å;91
319380693;–ù–∞—à√´–ª –ø–ª–æ—â–∞–¥–∫—É;90
319380693;–ù—É —è –∫–æ—Ä–æ—á–µ;89
319380693;–ù–∞–≤–µ—Ä–Ω;88
319380693;–ü–µ—Ç—å –∏ –∏–≥—Ä–∞—Ç—å;87
255425921;—Ç–æ–ª—å–∫–æ;86
255425921;–∏–ª–∏ –ø–µ—Ç—å;85
255425921;–∏–≥—Ä–∞—Ç—å –±—É–¥–µ—à—å?;84
255425921;[id319380693|—Ç–∞–Ω—Ü—É–µ—Ç –º–∞—Ç–≤–µ–π];83
319380693;–ê;82
255425921;[id319380693|@xrayuber];81
255425921;—Ç–∞–º –Ω–µ–≥–¥–µ –ø–æ–¥–∫–ª—é—á–∞—Ç—å—Å—è;80
473379248;–∏–≥—Ä–∞—Ç—å?;79
473379248;—Ç—ã –±—É–¥–µ—à—å;78
473379248;–¥–∞;77
255425921;–¥–∞;76
319380693;–í—ã —Å –∫–æ–º–±–∏–∫–∞–º–∏?;75
473379248;–Ω–∞–≤–µ—Ä–Ω;74
255425921;–∑–∞–≤—Ç—Ä–∞ –Ω–µ—Å—ë—à—å –≥–∏—Ç–∞—Ä—É?;73
255425921;—á—ë —Ç–∞–º;72
255425921;[id473379248|@krmbttl];71
255425921;;70
255425921;—è —Ä–∏—Ñ—Ñ—á–∏–∫ —á—ë—Ç–∞ –Ω–µ–º–Ω–æ–≥–æ –ø–æ–∏–≥—Ä–∞–ª;69
319380693;–ù–µ–ø–ª–æ—Ö;68
473379248;—è –ø–æ—Å–ª—É—à–∞–ªüòä;67
319380693;–í—ã —Ö–æ—Ç—å —á—Ç–æ-—Ç–æ –∏–∑ –ø–æ–ª–∫–æ–≤–Ω–º–∫–≤ —É—á–∏–ª–∏?;66
319380693;–í–æ—Ç –º—É–∂–∏–∫–∏;65
319380693;–ë–ª—è—è—è—è—Ç—å;64
473379248;—Ç–∞–∫ –∫–∞–∫?;63
319380693;–¢–∞–∫ –∫–∞–∫?;62
319380693;–ø–æ–¥ –º–∏–Ω—É—Å;61
319380693;–æ—Ç—Ä–∞–±–æ—Ç–∞—Ç—å;60
319380693;—Ç–∏–ø –≤—ã –¥–≤–æ—ë–º –º–æ–∂–µ—Ç–µ;59
319380693;–Ω–æ;58
319380693;–Ω–æ–ª—å –≤—Ä–µ–º–µ–Ω–∏;57
319380693;—è –∑–∞–≤—Ç—Ä–∞ –Ω–µ —Å–º–æ–≥—É;56
319380693;–ø–æ–∫–∞ –Ω–µ –∑–Ω–∞—é –±—É–¥—É –ª–∏ —Å–≤–æ–±–æ–¥–µ–Ω;55
319380693;—è –ø–æ—Ç–æ–º –Ω–∞–ø–∏—à—É;54
319380693;–Ω–∞–ø–∏—à—É;53
319380693;—â–∞;52
319380693;–≥–µ–æ–≥—Ä–∞—Ñ–∏—á–∫—É;51
319380693;–Ω—É–∂–Ω–æ —Å–ø—Ä–æ—Å–∏—Ç—å;50
255425921;–∞ —Ç–æ –º—ã –Ω–µ —Å–º–æ–∂–µ–º –≤–º–µ—Å—Ç–µ —Å—ã–≥—Ä–∞—Ç—å;49
255425921;–≤—Å–µ –¥–µ–ª–∞;48
255425921;–¥–ª—è –≤—ã—Å—Ç—É–ø–ª–µ–Ω–∏—è –Ω–∞–¥–æ;47
255425921;—Å–∫–∞–∂–µ–º –≤–æ—Ç;46
255425921;–ø–æ—Å–ª–µ —à–∫–æ–ª—ã;45
255425921;—á—Ç–æ –µ—Å–ª–∏ –∑–∞–≤—Ç—Ä–∞ –≤ –∞–∫—Ç–æ–≤–æ–º –∑–∞–ª–µ –æ—Ç—Ä–µ–ø–µ—Ç–∏—Ä–æ–≤–∞—Ç—å?;44
255425921;–¥–∞;43
319380693;–±–ª—è—è—è;42
255425921;–Ω–µ—Ç –≤—Ä–µ–º–µ–Ω–∏;41
319380693;–≤–æ—Ç –ø–æ –Ω–æ—Ä–º–∞–ª—å–Ω–æ–º—É;40
319380693;–Ω—É–∂–Ω–æ —Ä–µ–ø–µ—Ç–∏—Ä–æ–≤–∞—Ç—å;39
255425921;–∞ —Ç–æ –∫–∞–∫ –≤—Å–µ–≥–¥–∞ –ø–æ–ª—É—á–∏—Ç—Å—è;38
255425921;–Ω–∞–¥–æ —Ä–µ—à–∞—Ç—å –±—ã —á—Ç–æ-—Ç–æ;37
255425921;—É–ø—Ä–æ—â—ë–Ω–Ω—É—é;36
255425921;—Ç–æ –Ω–∞–≤–µ—Ä–Ω–æ–µ –Ω–µ –≤ –æ—Ä–∏–≥–∏–Ω–∞–ª–µ;35
255425921;–µ—Å–ª–∏ –ø–æ–ª–∫–æ–≤–Ω–∏–∫–∞;34
255425921;–∞ –º—ã –∂–µ –∑–∞–≤—Ç—Ä–∞ —É–∂–µ –≥–∏—Ç–∞—Ä—ã –æ—Ç–Ω–µ—Å—ë–º;33
255425921;–±–ª–∏–Ω;32
255425921;–Ω–µ —Å–ª–æ–∂–Ω–æ –Ω–æ –≤—Ä–µ–º—è –Ω–∞–¥–æ;31
255425921;—Å–æ–ª–æ –≥–∏—Ç–∞—Ä—É;30
255425921;–≤—Ä–µ–º—è –Ω–∞–¥–æ;29
255425921;—É—á–∏—Ç—å —ç—Ç–æ;28
255425921;—è —Ö–∑ —á—ë—Ç–∞;27
255425921;–±–ª—è;26
319380693;–∫–∞–ø–µ—Ü;25
319380693;–Ω—É–∂–Ω–æ —Ç–æ–≥–¥–∞ —É—á–∏—Ç—å –≤—ã—Ö–æ–¥–∏—Ç;24
319380693;—Ç–æ —Å—ã–≥—Ä–∞–µ–º;23
319380693;–∫–∞–∫ –±—ã –µ—Å–ª–∏ –Ω—É —É—Å–ø–µ–µ–º;22
319380693;–¥–∞–≤–∞–π—Ç–µ —ë–ø—Ç–µ –¥—É–º–∞—Ç—å;21
255425921;–Ω–∏–∫—Ç –Ω–∏–ø–∏—à—Ç;20
319380693;–ª–∫–æ–≤–Ω–∏–∫—É;19
255425921;–Ω–∏—á–µ–≥–æ –Ω–æ–≤–æ–≥–æ);18
319380693;—Å—é–¥–∞–∞–∞–∞;17
319380693;–∞—Ö–∞—Ö–∞—Ö—Ö–∞—Ö–∞;16
473379248;–ù–µ —Å–ª—É—à–∞–ª –µ—â—ë;15
319380693;–ø–æ—Ç–æ–º –Ω–∞ —Å–æ–ª—è–∫ –ø–µ—Ä–µ–π—Ç–∏;14
319380693;–Ω–æ —è –¥—É–º–∞—é —á—Ç–æ –æ–Ω —Å —Ç–æ–±–æ–π –≤—Å—è–∫–∏–µ –ø—Ä–∏–ø–µ–≤—ã –∏–≥—Ä–∞—Ç—å –¥–æ–ª–∂–µ–Ω —Å –∫—É–ø–ª–µ—Ç–∞–º–∏;13
255425921;);12
255425921;—É—á–∏—à—å —Ç–∞–º?;11
255425921;[id473379248|@krmbttl];10
319380693;–Ω—É —Ç–∏–ø–æ;9
255425921;–∫–∞—Ä–∏–º –Ω–∞ —Å–æ–ª–æ –≥–∏—Ç–∞—Ä–µ?;8
255425921;—ë–º–ø—Ç–µ;7
319380693;—ë–ø—Ç–µ;6
319380693;–∫–∞–∫ –±—ã;5
319380693;–Ω—É –≤—Ä–æ–¥–µ –¥–∞;4
255425921;–∏–≥—Ä–∞–µ–º –∂–µ –ø–æ–ª–∫–æ–≤–Ω–∏–∫–∞?;3
255425921;—á—ë —Ç–∞–º;2
255425921;;1
